<?xml version="1.0"?>
<!DOCTYPE hibernate-mapping PUBLIC "-//Hibernate/Hibernate Mapping DTD 3.0//EN"
"http://www.hibernate.org/dtd/hibernate-mapping-3.0.dtd">
<!-- Generated 20-jul-2014 15:20:17 by Hibernate Tools 3.6.0 -->
<hibernate-mapping>
    <class name="com.sodispolSoftware.model.Categoriapatologia" table="categoriapatologia" schema="public">
        <id name="idcategoria" type="long">
            <column name="idcategoria" />
            <generator class="assigned" />
        </id>
        <property name="estadoborrado" type="java.lang.Boolean">
            <column name="estadoborrado" not-null="true"/>
        </property>
        <property name="descripcion" type="string">
            <column name="descripcion" not-null="true"/>
        </property>
        <set name="patologias" table="patologia" inverse="true" lazy="true" fetch="select">
            <key>
                <column name="idcategoriapatologia" not-null="true" />
            </key>
            <one-to-many class="com.sodispolSoftware.model.Patologia" />
        </set>
    </class>
</hibernate-mapping>
