<?xml version="1.0"?>
<!DOCTYPE hibernate-mapping PUBLIC "-//Hibernate/Hibernate Mapping DTD 3.0//EN"
"http://www.hibernate.org/dtd/hibernate-mapping-3.0.dtd">
<!-- Generated 20-jul-2014 15:20:17 by Hibernate Tools 3.6.0 -->
<hibernate-mapping>
    <class name="com.sodispolSoftware.model.Categoriamedicina" table="categoriamedicina" schema="public">
        <id name="idcategoriamedicina" type="int">
            <column name="idcategoriamedicina" />
            <generator class="identity" />
        </id>
        <property name="estadoborrado" type="java.lang.Boolean">
            <column name="estadoborrado" not-null="true"/>
        </property>
        <property name="descripcion" type="string">
            <column name="descripcion" not-null="true"/>
        </property>
        <set name="categoriamedicinamedicinas" table="categoriamedicinamedicina" inverse="true" lazy="true" fetch="select">
            <key>
                <column name="idcategoriamedicina" not-null="true" />
            </key>
            <one-to-many class="com.sodispolSoftware.model.Categoriamedicinamedicina" />
        </set>
    </class>
</hibernate-mapping>
