<?xml version="1.0"?>
<!DOCTYPE hibernate-mapping PUBLIC "-//Hibernate/Hibernate Mapping DTD 3.0//EN"
"http://www.hibernate.org/dtd/hibernate-mapping-3.0.dtd">
<!-- Generated 20-jul-2014 15:20:17 by Hibernate Tools 3.6.0 -->
<hibernate-mapping>
    <class name="com.sodispolSoftware.model.Categoriamedicinamedicina" table="categoriamedicinamedicina" schema="public">
        <id name="idcategoriamedicinamedicina" type="long">
            <column name="idcategoriamedicinamedicina" />
            <generator class="identity" />
        </id>
        <many-to-one name="medicina" class="com.sodispolSoftware.model.Medicina" fetch="select">
            <column name="idmedicina" not-null="true" />
        </many-to-one>
        <many-to-one name="categoriamedicina" class="com.sodispolSoftware.model.Categoriamedicina" fetch="select">
            <column name="idcategoriamedicina" not-null="true" />
        </many-to-one>
        <property name="estadoborrado" type="java.lang.Boolean">
            <column name="estadoborrado" not-null="true"/>
        </property>
    </class>
</hibernate-mapping>
