<?xml version="1.0"?>
<!DOCTYPE hibernate-mapping PUBLIC "-//Hibernate/Hibernate Mapping DTD 3.0//EN"
"http://www.hibernate.org/dtd/hibernate-mapping-3.0.dtd">
<!-- Generated 20-jul-2014 15:20:17 by Hibernate Tools 3.6.0 -->
<hibernate-mapping>
    <class name="com.sodispolSoftware.model.Citamedica" table="citamedica" schema="public">
        <id name="idcita" type="long">
            <column name="idcita" />
            <generator class="identity" />
        </id>
        <many-to-one name="estudiante" class="com.sodispolSoftware.model.Estudiante" fetch="select">
            <column name="idestudiante" not-null="true" />
        </many-to-one>
        <many-to-one name="doctor" class="com.sodispolSoftware.model.Doctor" fetch="select">
            <column name="iddoctor" not-null="true" />
        </many-to-one>
        <property name="fechareg" type="calendar">
            <column name="fechareg" length="13" not-null="true"/>      
        </property>
        <property name="fechaprog" type="calendar">
            <column name="fechaprog" length="13" not-null="true"/>
        </property>
        <property name="estadocita" type="string">
            <column name="estadocita" length="1" not-null="true"/>
        </property>
        <property name="estadoborrado" type="java.lang.Boolean">
            <column name="estadoborrado" not-null="true"/>
        </property>
        <set name="detallefichaestudiantes" table="detallefichaestudiante" inverse="true" lazy="true" fetch="select">
            <key>
                <column name="idcita" not-null="true" />
            </key>
            <one-to-many class="com.sodispolSoftware.model.Detallefichaestudiante" />
        </set>
    </class>
</hibernate-mapping>
