<?xml version="1.0"?>
<!DOCTYPE hibernate-mapping PUBLIC "-//Hibernate/Hibernate Mapping DTD 3.0//EN"
"http://www.hibernate.org/dtd/hibernate-mapping-3.0.dtd">
<!-- Generated 20-jul-2014 15:20:17 by Hibernate Tools 3.6.0 -->
<hibernate-mapping>
    <class name="com.sodispolSoftware.model.Detallefichaestudiante" table="detallefichaestudiante" schema="public">
        <id name="iddetalleficha" type="long">
            <column name="iddetalleficha" />
            <generator class="identity" />
        </id>
        <many-to-one name="citamedica" class="com.sodispolSoftware.model.Citamedica" fetch="select">
            <column name="idcita" />
        </many-to-one>
        <many-to-one name="doctor" class="com.sodispolSoftware.model.Doctor" fetch="select">
            <column name="iddoctor" not-null="true"/>
        </many-to-one>
        <many-to-one name="fichamedicaestudiante" class="com.sodispolSoftware.model.Fichamedicaestudiante" fetch="select">
            <column name="idfchamedica" not-null="true" />
        </many-to-one>
        <property name="estatura" type="double">
            <column name="estatura" precision="17" scale="17" />
        </property>
        <property name="peso" type="double">
            <column name="peso" precision="17" scale="17"  />
        </property>
        <property name="examenpiel" type="string">
            <column name="examenpiel"  />
        </property>
        <property name="aparatorespiratorio" type="string">
            <column name="aparatorespiratorio"  />
        </property>
        <property name="apartocirculatorio" type="string">
            <column name="apartocirculatorio"  />
        </property>
        <property name="presionarterial" type="string">
            <column name="presionarterial" />
        </property>
        <property name="pulso" type="string">
            <column name="pulso" />
        </property>
        <property name="ruidoscardiacos" type="string">
            <column name="ruidoscardiacos"  />
        </property>
        <property name="aparatodigestivo" type="string">
            <column name="aparatodigestivo" />
        </property>
        <property name="aparatogenicourinario" type="string">
            <column name="aparatogenicourinario"/>
        </property>
        <property name="sitemalinfatico" type="string">
            <column name="sitemalinfatico"/>
        </property>
        <property name="sistemanervioso" type="string">
            <column name="sistemanervioso"/>
        </property>
        <property name="fecha" type="calendar">
            <column name="fecha" length="13" not-null="true"/>
        </property>
        <property name="observaciones" type="string">
            <column name="observaciones"/>
        </property>
        <property name="temperatura" type="string">
            <column name="temperatura" />
        </property>
        <property name="estadoborrado" type="java.lang.Boolean">
            <column name="estadoborrado" not-null="true"/>
        </property>
        <set name="recetas" table="receta" inverse="true" lazy="true" fetch="select">
            <key>
                <column name="iddetallefichaestudiante" not-null="true" />
            </key>
            <one-to-many class="com.sodispolSoftware.model.Receta" />
        </set>
        <set name="patologiadetallefichas" table="patologiadetalleficha" inverse="true" lazy="true" fetch="select">
            <key>
                <column name="iddetallefichaestudiante" not-null="true" />
            </key>
            <one-to-many class="com.sodispolSoftware.model.Patologiadetalleficha" />
        </set>
    </class>
</hibernate-mapping>
