<?xml version="1.0"?>
<!DOCTYPE hibernate-mapping PUBLIC "-//Hibernate/Hibernate Mapping DTD 3.0//EN"
"http://www.hibernate.org/dtd/hibernate-mapping-3.0.dtd">
<!-- Generated 20-jul-2014 15:20:17 by Hibernate Tools 3.6.0 -->
<hibernate-mapping>
    <class name="com.sodispolSoftware.model.Detalleabastecimiento" table="detalleabastecimiento" schema="public">
        <id name="idabastecimiento" type="long">
            <column name="idabastecimiento" />
            <generator class="assigned" />
        </id>
        <many-to-one name="medicina" class="com.sodispolSoftware.model.Medicina" fetch="select">
            <column name="idmedicina" not-null="true" />
        </many-to-one>
        <many-to-one name="enfermero" class="com.sodispolSoftware.model.Enfermero" fetch="select">
            <column name="idenfermero"/>
        </many-to-one>
        <many-to-one name="doctor" class="com.sodispolSoftware.model.Doctor" fetch="select">
            <column name="iddoctor"/>
        </many-to-one>
        <property name="fechaabastecimiento" type="calendar">
            <column name="fechaabastecimiento" length="13" not-null="true" />
        </property>
        <property name="cajasantesabastecimiento" type="java.lang.Integer">
            <column name="cajasantesabastecimiento" not-null="true"/>
        </property>
        <property name="cajasdespuesabastecimiento" type="java.lang.Integer">
            <column name="cajasdespuesabastecimiento" not-null="true"/>
        </property>
        <property name="cajastotales" type="java.lang.Integer">
            <column name="cajastotales" />
        </property>
        <property name="estadoborrado" type="java.lang.Boolean">
            <column name="estadoborrado" not-null="true"/>
        </property>
    </class>
</hibernate-mapping>
