<?xml version="1.0"?>
<!DOCTYPE hibernate-mapping PUBLIC "-//Hibernate/Hibernate Mapping DTD 3.0//EN"
"http://www.hibernate.org/dtd/hibernate-mapping-3.0.dtd">
<!-- Generated 20-jul-2014 15:20:17 by Hibernate Tools 3.6.0 -->
<hibernate-mapping>
    <class name="com.sodispolSoftware.model.Estudiante" table="estudiante" schema="public">
        <id name="idestudiante" type="long">
            <column name="idestudiante" />
            <generator class="identity" />
        </id>
        <many-to-one name="roleuser" class="com.sodispolSoftware.model.Roleuser" fetch="select">
            <column name="idroleuser" not-null="true" />
        </many-to-one>
        <property name="matricula" type="string">
            <column name="matricula" length="10" not-null="true"/>
        </property>
        <property name="cedula" type="string">
            <column name="cedula" length="10" not-null="true"/>
        </property>
        <property name="username" type="string">
            <column name="username" length="100" not-null="true"/>
        </property>
        <property name="direccion" type="string">
            <column name="direccion" />
        </property>
        <property name="estadocivil" type="string">
            <column name="estadocivil" length="50" />
        </property>
        <property name="telefono" type="string">
            <column name="telefono" length="15" />
        </property>
        <property name="estadoborrado" type="java.lang.Boolean">
            <column name="estadoborrado" not-null="true"/>
        </property>
        <set name="citamedicas" table="citamedica" inverse="true" lazy="true" fetch="select">
            <key>
                <column name="idestudiante" not-null="true" />
            </key>
            <one-to-many class="com.sodispolSoftware.model.Citamedica" />
        </set>
        <set name="fichamedicaestudiantes" table="fichamedicaestudiante" inverse="true" lazy="true" fetch="select">
            <key>
                <column name="idestudiante" not-null="true" unique="true"/>
            </key>
            <one-to-many class="com.sodispolSoftware.model.Fichamedicaestudiante" />
        </set>
    </class>
</hibernate-mapping>
