<?xml version="1.0"?>
<!DOCTYPE hibernate-mapping PUBLIC "-//Hibernate/Hibernate Mapping DTD 3.0//EN"
"http://www.hibernate.org/dtd/hibernate-mapping-3.0.dtd">
<!-- Generated 20-jul-2014 15:20:17 by Hibernate Tools 3.6.0 -->
<hibernate-mapping>
    <class name="com.sodispolSoftware.model.Fichamedicaestudiante" table="fichamedicaestudiante" schema="public">
        <id name="idfichamedica" type="long">
            <column name="idfichamedica" />
            <generator class="identity" />
        </id>
        <many-to-one name="estudiante" class="com.sodispolSoftware.model.Estudiante" fetch="select">
            <column name="idestudiante" not-null="true" unique="true"/>
        </many-to-one>
        <property name="antecedentespatologicos" type="string">
            <column name="antecedentespatologicos" />
        </property>
        <property name="enfermedadesinfancia" type="string">
            <column name="enfermedadesinfancia" />
        </property>
        <property name="vacunasrecibidas" type="string">
            <column name="vacunasrecibidas" />
        </property>
        <set name="detallefichaestudiantes" table="detallefichaestudiante" inverse="true" lazy="true" fetch="select">
            <key>
                <column name="idfchamedica" not-null="true" />
            </key>
            <one-to-many class="com.sodispolSoftware.model.Detallefichaestudiante" />
        </set>
    </class>
</hibernate-mapping>
