<?xml version="1.0"?>
<!DOCTYPE hibernate-mapping PUBLIC "-//Hibernate/Hibernate Mapping DTD 3.0//EN"
"http://www.hibernate.org/dtd/hibernate-mapping-3.0.dtd">
<!-- Generated 20-jul-2014 15:20:17 by Hibernate Tools 3.6.0 -->
<hibernate-mapping>
    <class name="com.sodispolSoftware.model.Medicinaepecifica" table="medicinaepecifica" schema="public">
        <id name="idmedicinaespecifica" type="long">
            <column name="idmedicinaespecifica" />
            <generator class="identity" />
        </id>
        <many-to-one name="medicina" class="com.sodispolSoftware.model.Medicina" fetch="select">
            <column name="idmedicina" not-null="true" />
        </many-to-one>
        <property name="unidadesdisponibles" type="java.lang.Integer">
            <column name="unidadesdisponibles" not-null="true"/>
        </property>
        <property name="fechacaducidad" type="calendar">
            <column name="fechacaducidad" length="13" not-null="true"/>
        </property>
        <property name="estadocaducado" type="java.lang.Boolean">
            <column name="estadocaducado" not-null="true"/>
        </property>
        <property name="estadoborrado" type="java.lang.Boolean">
            <column name="estadoborrado" not-null="true"/>
        </property>
        <set name="recetas" table="receta" inverse="true" lazy="true" fetch="select">
            <key>
                <column name="idmedicinaepecifica" not-null="true" />
            </key>
            <one-to-many class="com.sodispolSoftware.model.Receta" />
        </set>
    </class>
</hibernate-mapping>
