<?xml version="1.0"?>
<!DOCTYPE hibernate-mapping PUBLIC "-//Hibernate/Hibernate Mapping DTD 3.0//EN"
"http://www.hibernate.org/dtd/hibernate-mapping-3.0.dtd">
<!-- Generated 20-jul-2014 15:20:17 by Hibernate Tools 3.6.0 -->
<hibernate-mapping>
    <class name="com.sodispolSoftware.model.Medicina" table="medicina" schema="public">
        <id name="idmedicina" type="long">
            <column name="idmedicina" />
            <generator class="identity" />
        </id>        
        <property name="descripcion" type="string">
            <column name="descripcion" length="1000" />
        </property>
        <property name="cajasdisponibles" type="java.lang.Integer">
            <column name="cajasdisponibles" not-null="true"/>
        </property>
        <property name="estadodisponible" type="java.lang.Boolean">
            <column name="estadodisponible" not-null="true"/>
        </property>
        <property name="estadoborrado" type="java.lang.Boolean">
            <column name="estadoborrado" not-null="true"/>
        </property>
        <set name="detalleabastecimientos" table="detalleabastecimiento" inverse="true" lazy="true" fetch="select">
            <key>
                <column name="idmedicina" not-null="true" />
            </key>
            <one-to-many class="com.sodispolSoftware.model.Detalleabastecimiento" />
        </set>
        <set name="medicinaepecificas" table="medicinaepecifica" inverse="true" lazy="true" fetch="select">
            <key>
                <column name="idmedicina" not-null="true" />
            </key>
            <one-to-many class="com.sodispolSoftware.model.Medicinaepecifica" />
        </set>
        <set name="categoriamedicinamedicinas" table="categoriamedicinamedicina" inverse="true" lazy="true" fetch="select">
            <key>
                <column name="idmedicina" not-null="true" />
            </key>
            <one-to-many class="com.sodispolSoftware.model.Categoriamedicinamedicina" />
        </set>
    </class>
</hibernate-mapping>
