<?xml version="1.0"?>
<!DOCTYPE hibernate-mapping PUBLIC "-//Hibernate/Hibernate Mapping DTD 3.0//EN"
"http://www.hibernate.org/dtd/hibernate-mapping-3.0.dtd">
<!-- Generated 20-jul-2014 15:20:17 by Hibernate Tools 3.6.0 -->
<hibernate-mapping>
    <class name="com.sodispolSoftware.model.Patologiadetalleficha" table="patologiadetalleficha" schema="public">
        <id name="idpatogogiaficha" type="long">
            <column name="idpatogogiaficha" />
            <generator class="assigned" />
        </id>
        <many-to-one name="detallefichaestudiante" class="com.sodispolSoftware.model.Detallefichaestudiante" fetch="select">
            <column name="iddetallefichaestudiante" not-null="true" />
        </many-to-one>
        <many-to-one name="patologia" class="com.sodispolSoftware.model.Patologia" fetch="select">
            <column name="idpatologia" not-null="true" />
        </many-to-one>
        <property name="estadoborrado" type="java.lang.Boolean">
            <column name="estadoborrado" not-null="true"/>
        </property>
    </class>
</hibernate-mapping>
