<?xml version="1.0"?>
<!DOCTYPE hibernate-mapping PUBLIC "-//Hibernate/Hibernate Mapping DTD 3.0//EN"
"http://www.hibernate.org/dtd/hibernate-mapping-3.0.dtd">
<!-- Generated 20-jul-2014 15:20:17 by Hibernate Tools 3.6.0 -->
<hibernate-mapping>
    <class name="com.sodispolSoftware.model.Roleuser" table="roleuser" schema="public">
        <id name="idroleuser" type="long">
            <column name="idroleuser" />
            <generator class="identity" />
        </id>
        <property name="descripcion" type="string">
            <column name="descripcion" not-null="true"/>
        </property>
        <set name="enfermeros" table="enfermero" inverse="true" lazy="true" fetch="select">
            <key>
                <column name="idroleuser" not-null="true" />
            </key>
            <one-to-many class="com.sodispolSoftware.model.Enfermero" />
        </set>
        <set name="doctors" table="doctor" inverse="true" lazy="true" fetch="select">
            <key>
                <column name="idroleuser" not-null="true" />
            </key>
            <one-to-many class="com.sodispolSoftware.model.Doctor" />
        </set>
        <set name="estudiantes" table="estudiante" inverse="true" lazy="true" fetch="select">
            <key>
                <column name="idroleuser" not-null="true" />
            </key>
            <one-to-many class="com.sodispolSoftware.model.Estudiante" />
        </set>
    </class>
</hibernate-mapping>
