<?xml version="1.0" encoding="UTF-8"?>
<!DOCTYPE hibernate-configuration PUBLIC "-//Hibernate/Hibernate Configuration DTD 3.0//EN" "http://hibernate.sourceforge.net/hibernate-configuration-3.0.dtd">
<hibernate-configuration>
  <session-factory>
    <property name="hibernate.dialect">org.hibernate.dialect.PostgreSQLDialect</property>
    <property name="hibernate.connection.driver_class">org.postgresql.Driver</property>
    <property name="hibernate.connection.url">jdbc:postgresql://localhost:5432/SodispolSoftware</property>
    <property name="hibernate.connection.username">postgres</property>
    <property name="hibernate.connection.password">1234</property>
    <property name="hibernate.current_session_context_class">thread</property>
    <mapping resource="com/sodispolSoftware/model/Medicinaepecifica.hbm.xml"/>
    <mapping resource="com/sodispolSoftware/model/Detalleabastecimiento.hbm.xml"/>
    <mapping resource="com/sodispolSoftware/model/Fichamedicaestudiante.hbm.xml"/>
    <mapping resource="com/sodispolSoftware/model/Estudiante.hbm.xml"/>
    <mapping resource="com/sodispolSoftware/model/Detallefichaestudiante.hbm.xml"/>
    <mapping resource="com/sodispolSoftware/model/Medicina.hbm.xml"/>
    <mapping resource="com/sodispolSoftware/model/Enfermero.hbm.xml"/>
    <mapping resource="com/sodispolSoftware/model/Receta.hbm.xml"/>
    <mapping resource="com/sodispolSoftware/model/Categoriamedicina.hbm.xml"/>
    <mapping resource="com/sodispolSoftware/model/Patologia.hbm.xml"/>
    <mapping resource="com/sodispolSoftware/model/Roleuser.hbm.xml"/>
    <mapping resource="com/sodispolSoftware/model/Patologiadetalleficha.hbm.xml"/>
    <mapping resource="com/sodispolSoftware/model/Citamedica.hbm.xml"/>
    <mapping resource="com/sodispolSoftware/model/Categoriamedicinamedicina.hbm.xml"/>
    <mapping resource="com/sodispolSoftware/model/Doctor.hbm.xml"/>
    <mapping resource="com/sodispolSoftware/model/Categoriapatologia.hbm.xml"/>
  </session-factory>
</hibernate-configuration>
