<?xml version="1.0" encoding="UTF-8"?>
<beans xmlns="http://www.springframework.org/schema/beans"
        xmlns:xsi="http://www.w3.org/2001/XMLSchema-instance"
        xsi:schemaLocation="http://www.springframework.org/schema/beans
        http://www.springframework.org/schema/beans/spring-beans-2.5.xsd">
    
    <bean id="sessionFactory" class="org.springframework.orm.hibernate3.LocalSessionFactoryBean">
        <property name="dataSource">
          <ref bean="dataSource"/>
        </property>

        <property name="hibernateProperties">
           <props>
             <prop key="hibernate.dialect">org.hibernate.dialect.PostgreSQLDialect</prop>
             <prop key="hibernate.show_sql">true</prop>
           </props>
        </property>

        <property name="mappingResources">
            <list>
                <value>com/sodispolSoftware/model/Detalleabastecimiento.hbm.xml</value>
                <value>com/sodispolSoftware/model/Medicinaepecifica.hbm.xml</value>
                <value>com/sodispolSoftware/model/Detallefichaestudiante.hbm.xml</value>
                <value>com/sodispolSoftware/model/Estudiante.hbm.xml</value>
                <value>com/sodispolSoftware/model/Fichamedicaestudiante.hbm.xml</value>
                <value>com/sodispolSoftware/model/Medicina.hbm.xml</value>
                <value>com/sodispolSoftware/model/Enfermero.hbm.xml</value>
                <value>com/sodispolSoftware/model/Categoriamedicina.hbm.xml</value>
                <value>com/sodispolSoftware/model/Receta.hbm.xml</value>
                <value>com/sodispolSoftware/model/Patologia.hbm.xml</value>
                <value>com/sodispolSoftware/model/Roleuser.hbm.xml</value>
                <value>com/sodispolSoftware/model/Patologiadetalleficha.hbm.xml</value>
                <value>com/sodispolSoftware/model/Citamedica.hbm.xml</value>
                <value>com/sodispolSoftware/model/Categoriamedicinamedicina.hbm.xml</value>
                <value>com/sodispolSoftware/model/Doctor.hbm.xml</value>
                <value>com/sodispolSoftware/model/Categoriapatologia.hbm.xml</value>
            </list>
         </property>	
    </bean>
    
</beans>
