<?xml version='1.0' encoding='UTF-8'?>
<faces-config version="2.2"
    xmlns="http://xmlns.jcp.org/xml/ns/javaee"
    xmlns:xsi="http://www.w3.org/2001/XMLSchema-instance"
    xsi:schemaLocation="http://xmlns.jcp.org/xml/ns/javaee http://xmlns.jcp.org/xml/ns/javaee/web-facesconfig_2_2.xsd">
    
    <application>
        <el-resolver>org.springframework.web.jsf.el.SpringBeanFacesELResolver</el-resolver>
    </application>
    
    <!--<navigation-rule>
        <from-view-id>/paciente.xhtml</from-view-id>
        <navigation-case>
            <from-outcome>observacion</from-outcome>
            <to-view-id>/observacion.xhtml</to-view-id>
        </navigation-case>
        <navigation-case>
            <from-outcome>listObservacion</from-outcome>
            <to-view-id>/listObservacion.xhtml</to-view-id>
        </navigation-case>
    </navigation-rule>-->
</faces-config>
