<?xml version="1.0" encoding="UTF-8"?>
<beans xmlns="http://www.springframework.org/schema/beans"
  xmlns:sec="http://www.springframework.org/schema/security"
  xmlns:xsi="http://www.w3.org/2001/XMLSchema-instance"
  xsi:schemaLocation="
       http://www.springframework.org/schema/beans
       http://www.springframework.org/schema/beans/spring-beans-3.0.xsd
       http://www.springframework.org/schema/security
       http://www.springframework.org/schema/security/spring-security-3.1.xsd">
    
    
    <sec:http entry-point-ref="casEntryPoint" auto-config="true" path-type="ant">
        <sec:custom-filter before="CAS_FILTER" ref="casSingleSignOutFilter"/>
        <sec:custom-filter after="CAS_FILTER"  ref="casFilter"/>
        <sec:intercept-url pattern="/pages/all/*" access="ROLE_DOCTOR,ROLE_ENFERMERO,ROLE_ESTUDIANTE,ROLE_NORMAL"/>
        <sec:intercept-url pattern="/pages/doctor/*" access="ROLE_DOCTOR"/>
        <sec:intercept-url pattern="/pages/enfermero/*" access="ROLE_ENFERMERO"/>
        <sec:intercept-url pattern="/pages/dispensario/*" access="ROLE_DOCTOR,ROLE_ENFERMERO"/>
        <sec:intercept-url pattern="/pages/paciente/*" access="ROLE_ESTUDIANTE,ROLE_PROFESIONAL"/>
        <!--<sec:logout logout-success-url="https://compa:8443/cas/logout" invalidate-session="true" logout-url="/logout" />-->
        <sec:logout logout-success-url="https://auth.espol.edu.ec/logout" invalidate-session="true" logout-url="/logout" />
    </sec:http>
    
    <!-- which application am I authenticating -->
    <bean id="serviceProperties" class="org.springframework.security.cas.ServiceProperties">
        <property name="service" value="http://localhost:8080/SodispolSoftware/j_spring_cas_security_check"/>
        <property name="sendRenew" value="false"/>
    </bean>
    
    <!-- where do I go when I need authentication -->
    <bean id="casEntryPoint" class="org.springframework.security.cas.web.CasAuthenticationEntryPoint">
        <!--<property name="loginUrl" value="https://compa:8443/cas/login"/>-->
        <property name="loginUrl" value="https://auth.espol.edu.ec/login"/>
        <property name="serviceProperties" ref="serviceProperties"/>
    </bean>
    
    <bean id="passwordEncoder" class="org.springframework.security.authentication.encoding.ShaPasswordEncoder"/>
    <bean id="casSingleSignOutFilter" class="org.jasig.cas.client.session.SingleSignOutFilter" />
    <bean id="casFilter" class="org.springframework.security.cas.web.CasAuthenticationFilter">
        <property name="authenticationManager" ref="authenticationManager"/>
    </bean>
    
    <sec:authentication-manager alias="authenticationManager">
        <sec:authentication-provider ref="casAuthenticationProvider" />
    </sec:authentication-manager>
    
    <bean id="allAuthenticatedUserService" class="com.sodispolSoftware.myuserdetail.MyUserService"/>
    
    <bean id="casAuthenticationProvider" class="org.springframework.security.cas.authentication.CasAuthenticationProvider">
        <!--<property name="userDetailsService" ref="userServices"/>-->
        <property name="userDetailsService" ref="allAuthenticatedUserService"/>
        <property name="serviceProperties" ref="serviceProperties"/>
        <property name="ticketValidator">
            <bean class="org.jasig.cas.client.validation.Cas20ServiceTicketValidator">
               <!--<constructor-arg index="0" value="https://compa:8443/cas"/>-->
               <constructor-arg index="0" value="https://auth.espol.edu.ec"/>
            </bean>
        </property>
        <property name="key" value="my_password_for_this_auth_provider_only"/>
    </bean>
    
    
    <bean id="wrappingFilter" class="org.jasig.cas.client.util.HttpServletRequestWrapperFilter" />
    <sec:user-service properties="/WEB-INF/users.properties" id="userServices"/>
    <!--<sec:jdbc-user-service id="userServices" authorities-by-username-query=
                "select u.username,a.authority from users u inner join authorities a on (u.idUser = a.idUser) 
                 where u.username = ? "
                 data-source-ref="mysqlDataSources" users-by-username-query="select username,password,enabled from users where username=?"/>-->
        
    
</beans>